{
 "config": {
  "J": 1.0,
  "V": 1.0,
  "W_grid": [
   0.5,
   1.0,
   2.0,
   3.0,
   4.0,
   5.0,
   6.0,
   8.0
  ],
  "sizes": {
   "12": 200,
   "14": 64
  },
  "window": 0.25,
  "tail_frac": 0.05,
  "cert_tol": 1e-12,
  "seed": 21,
  "r1_lo": 0.42,
  "r1_hi": 0.5,
  "r1_erg": 0.52,
  "r1_loc": 0.4,
  "r2_lo": 1.6,
  "r2_hi": 2.4
 },
 "cells": {
  "12|0.5": {
   "dim": 924,
   "n_real": 200,
   "cert": {
    "agree": 8.348877145181177e-14,
    "width": 15.122046304975312,
    "ok": true
   },
   "r_mean": 0.5275153268408915,
   "r_sem": 0.0011900282165004438,
   "n_ratios": 45800,
   "mln_chi": 10.615696880308704,
   "mean_chi": 192592.9389930294,
   "hill": 2.0426863831561004,
   "hill_k": 2310
  },
  "12|1.0": {
   "dim": 924,
   "n_real": 200,
   "cert": {
    "agree": 9.947598300641403e-14,
    "width": 15.876737280798459,
    "ok": true
   },
   "r_mean": 0.5272070280588289,
   "r_sem": 0.001187101259716824,
   "n_ratios": 45800,
   "mln_chi": 11.119763307082959,
   "mean_chi": 473052.5056275495,
   "hill": 2.0067228698238044,
   "hill_k": 2310
  },
  "12|2.0": {
   "dim": 924,
   "n_real": 200,
   "cert": {
    "agree": 1.1191048088221578e-13,
    "width": 19.12627509438078,
    "ok": true
   },
   "r_mean": 0.5108141994958937,
   "r_sem": 0.0012089726112050672,
   "n_ratios": 45800,
   "mln_chi": 11.582091754440281,
   "mean_chi": 1797908.5998660133,
   "hill": 1.857756520294013,
   "hill_k": 2310
  },
  "12|3.0": {
   "dim": 924,
   "n_real": 200,
   "cert": {
    "agree": 1.0391687510491465e-13,
    "width": 22.277741896145326,
    "ok": true
   },
   "r_mean": 0.44964592879747467,
   "r_sem": 0.001261357508084523,
   "n_ratios": 45800,
   "mln_chi": 10.70361862274356,
   "mean_chi": 8892188.700966142,
   "hill": 1.6656440884583228,
   "hill_k": 2310
  },
  "12|4.0": {
   "dim": 924,
   "n_real": 200,
   "cert": {
    "agree": 1.652011860642233e-13,
    "width": 27.698602536869984,
    "ok": true
   },
   "r_mean": 0.4196868158500114,
   "r_sem": 0.001287013168895275,
   "n_ratios": 45800,
   "mln_chi": 9.152681245966354,
   "mean_chi": 22098034.779341247,
   "hill": 1.5547893969802131,
   "hill_k": 2310
  },
  "12|5.0": {
   "dim": 924,
   "n_real": 200,
   "cert": {
    "agree": 1.7763568394002505e-13,
    "width": 32.104037394611794,
    "ok": true
   },
   "r_mean": 0.40154178960510684,
   "r_sem": 0.0012887430264311374,
   "n_ratios": 45800,
   "mln_chi": 7.366955414171672,
   "mean_chi": 104832241.50796708,
   "hill": 1.4791197015656645,
   "hill_k": 2310
  },
  "12|6.0": {
   "dim": 924,
   "n_real": 200,
   "cert": {
    "agree": 2.0605739337042905e-13,
    "width": 35.390841827006994,
    "ok": true
   },
   "r_mean": 0.3959680765168479,
   "r_sem": 0.0013039034759243467,
   "n_ratios": 45800,
   "mln_chi": 5.832821803973681,
   "mean_chi": 1199182059.4574215,
   "hill": 1.4103584572054708,
   "hill_k": 2310
  },
  "12|8.0": {
   "dim": 924,
   "n_real": 200,
   "cert": {
    "agree": 1.4921397450962104e-13,
    "width": 46.50497860669799,
    "ok": true
   },
   "r_mean": 0.38861648356828193,
   "r_sem": 0.0013028556531965803,
   "n_ratios": 45800,
   "mln_chi": 3.4234533431880476,
   "mean_chi": 4836836.164194799,
   "hill": 1.4078220664155707,
   "hill_k": 2310
  },
  "14|0.5": {
   "dim": 3432,
   "n_real": 64,
   "cert": {
    "agree": 1.6697754290362354e-13,
    "width": 17.801986600574367,
    "ok": true
   },
   "r_mean": 0.5317778222087998,
   "r_sem": 0.001086451878737649,
   "n_ratios": 54784,
   "mln_chi": 12.672846060386119,
   "mean_chi": 1461824.8799709962,
   "hill": 2.0445239209424395,
   "hill_k": 2745
  },
  "14|1.0": {
   "dim": 3432,
   "n_real": 64,
   "cert": {
    "agree": 2.353672812205332e-13,
    "width": 19.120044028062186,
    "ok": true
   },
   "r_mean": 0.5326618903145413,
   "r_sem": 0.0010840236736175716,
   "n_ratios": 54784,
   "mln_chi": 13.220907269846014,
   "mean_chi": 2338634.048023872,
   "hill": 2.0065210840151764,
   "hill_k": 2745
  },
  "14|2.0": {
   "dim": 3432,
   "n_real": 64,
   "cert": {
    "agree": 2.020605904817785e-13,
    "width": 22.671905103681695,
    "ok": true
   },
   "r_mean": 0.5204268787294151,
   "r_sem": 0.00109303326252922,
   "n_ratios": 54784,
   "mln_chi": 14.220335071471313,
   "mean_chi": 10447075.891884938,
   "hill": 1.9609991941044083,
   "hill_k": 2745
  },
  "14|3.0": {
   "dim": 3432,
   "n_real": 64,
   "cert": {
    "agree": 1.7763568394002505e-13,
    "width": 25.240427553455795,
    "ok": true
   },
   "r_mean": 0.4717387015234486,
   "r_sem": 0.0011433632643351314,
   "n_ratios": 54784,
   "mln_chi": 13.845228407478412,
   "mean_chi": 106515964.8437909,
   "hill": 1.7304867807366282,
   "hill_k": 2745
  },
  "14|4.0": {
   "dim": 3432,
   "n_real": 64,
   "cert": {
    "agree": 3.090860900556436e-13,
    "width": 35.55574519513337,
    "ok": true
   },
   "r_mean": 0.41903553474025373,
   "r_sem": 0.001178860709977468,
   "n_ratios": 54784,
   "mln_chi": 11.900830450288664,
   "mean_chi": 2476419294.7147326,
   "hill": 1.5433958744102236,
   "hill_k": 2745
  },
  "14|5.0": {
   "dim": 3432,
   "n_real": 64,
   "cert": {
    "agree": 2.0250467969162855e-13,
    "width": 35.410511840418366,
    "ok": true
   },
   "r_mean": 0.40319956678086627,
   "r_sem": 0.0011889705429106012,
   "n_ratios": 54784,
   "mln_chi": 9.750142939532198,
   "mean_chi": 1115805360.6098106,
   "hill": 1.4455892285014886,
   "hill_k": 2745
  },
  "14|6.0": {
   "dim": 3432,
   "n_real": 64,
   "cert": {
    "agree": 8.029132914089132e-13,
    "width": 48.54158515536567,
    "ok": true
   },
   "r_mean": 0.3950559934047059,
   "r_sem": 0.001192230428320323,
   "n_ratios": 54784,
   "mln_chi": 7.668802365386503,
   "mean_chi": 17893537489.791718,
   "hill": 1.397337527846452,
   "hill_k": 2745
  },
  "14|8.0": {
   "dim": 3432,
   "n_real": 64,
   "cert": {
    "agree": 4.831690603168681e-13,
    "width": 54.99092692111188,
    "ok": true
   },
   "r_mean": 0.38643703458792866,
   "r_sem": 0.0011938401302154086,
   "n_ratios": 54784,
   "mln_chi": 4.4372084806827905,
   "mean_chi": 6396591071.383494,
   "hill": 1.3668502463407861,
   "hill_k": 2745
  }
 },
 "verdict": {
  "R1": "CHALLENGES-ERGODIC (W* = 2, <r> = 0.5204)",
  "R2": "SUPPORTS (Hill = 1.96 at W*)",
  "overall": "CHALLENGES the platform minimal model",
  "W_star": 2.0
 },
 "wall_time_s": 2075.9
}