{
 "sizes": {
  "5": {
   "N": 366,
   "cert": {
    "width": 5.997024812823222,
    "agree": 1.2434497875801753e-14,
    "resid": 1.6653345369377348e-15,
    "ok": true
   },
   "status": "OK",
   "strata": {
    "reg": {
     "n": 88,
     "mln_d": 8.45352050995752,
     "mln_g": 7.765894403179224,
     "mln_ipr": -4.7318822603342845
    },
    "mult": {
     "n": 752,
     "mln_d": 4.814217302658383,
     "mln_g": 5.000964297104886,
     "mln_ipr": -3.7218467066389778
    },
    "E0.30": {
     "n": 24,
     "mln_d": -0.4553415398831182,
     "mln_g": 0.7896358095891932,
     "mln_ipr": -1.4478777322440415
    },
    "E0.43": {
     "n": 424,
     "mln_d": 5.068562409394798,
     "mln_g": 5.235198591278937,
     "mln_ipr": -3.1597116425466933
    },
    "E0.57": {
     "n": 296,
     "mln_d": 5.363230377587073,
     "mln_g": 5.470711281725599,
     "mln_ipr": -4.407226816459931
    },
    "E0.70": {
     "n": 336,
     "mln_d": 0.9756647163630014,
     "mln_g": 1.1834754593537609,
     "mln_ipr": -2.891245570044445
    }
   }
  },
  "6": {
   "N": 1095,
   "cert": {
    "width": 5.999360979710093,
    "agree": 1.5987211554602254e-14,
    "resid": 7.13318293321663e-15,
    "ok": true
   },
   "status": "OK",
   "strata": {
    "reg": {
     "n": 176,
     "mln_d": 11.743248802355833,
     "mln_g": 10.708342369779015,
     "mln_ipr": -5.566783076680167
    },
    "mult": {
     "n": 2248,
     "mln_d": 5.821755062730857,
     "mln_g": 6.091670774430694,
     "mln_ipr": -4.124070665770547
    },
    "E0.30": {
     "n": 24,
     "mln_d": -0.25199500770478117,
     "mln_g": 0.7830423705727044,
     "mln_ipr": -1.447877732244044
    },
    "E0.43": {
     "n": 1272,
     "mln_d": 6.813813614143408,
     "mln_g": 7.032954377147999,
     "mln_ipr": -3.530361931667851
    },
    "E0.57": {
     "n": 888,
     "mln_d": 5.58922276713955,
     "mln_g": 5.8183179101971305,
     "mln_ipr": -4.8680374396445965
    },
    "E0.70": {
     "n": 984,
     "mln_d": -1.1085286542729091,
     "mln_g": -0.7980827017942521,
     "mln_ipr": -2.9198037595462076
    }
   }
  },
  "7": {
   "N": 3282,
   "cert": {
    "width": 5.9998663184115895,
    "agree": 3.4638958368304884e-14,
    "resid": 6.827871601444713e-15,
    "ok": true
   },
   "status": "OK",
   "strata": {
    "reg": {
     "n": 336,
     "mln_d": 14.222757056747382,
     "mln_g": 12.993055788467007,
     "mln_ipr": -6.493263461297087
    },
    "mult": {
     "n": 2048,
     "mln_d": 7.7540310917556585,
     "mln_g": 7.918007350414938,
     "mln_ipr": -5.730240614017588
    },
    "E0.30": {
     "n": 24,
     "mln_d": -0.2541767248772533,
     "mln_g": 0.7762139416384369,
     "mln_ipr": -1.44787773224404
    },
    "E0.43": {
     "n": 3296,
     "mln_d": 8.753292699393839,
     "mln_g": 9.215082032053049,
     "mln_ipr": -3.5888599674178288
    },
    "E0.57": {
     "n": 2264,
     "mln_d": 4.882409787325433,
     "mln_g": 5.2057933173166,
     "mln_ipr": -5.1541844546040005
    },
    "E0.70": {
     "n": 2928,
     "mln_d": -1.1676219345137369,
     "mln_g": -0.946124419092175,
     "mln_ipr": -2.9379076845109044
    }
   }
  },
  "8": {
   "N": 9843,
   "cert": {
    "width": 5.999972509162866,
    "agree": 6.039613253960852e-14,
    "resid": 2.040017731763032e-14,
    "ok": true
   },
   "status": "OK",
   "strata": {
    "reg": {
     "n": 656,
     "mln_d": 15.160957716204083,
     "mln_g": 13.981392441532218,
     "mln_ipr": -7.510846386414869
    },
    "mult": {
     "n": 2072,
     "mln_d": 5.496329774800217,
     "mln_g": 6.68852269424917,
     "mln_ipr": -5.42218914640434
    },
    "E0.30": {
     "n": 24,
     "mln_d": -0.09776212955906621,
     "mln_g": 0.7777646456710933,
     "mln_ipr": -1.4478777322440415
    },
    "E0.43": {
     "n": 2136,
     "mln_d": 6.774990705988582,
     "mln_g": 6.767321043423787,
     "mln_ipr": -5.412175729573811
    },
    "E0.57": {
     "n": 2080,
     "mln_d": 8.102435650277615,
     "mln_g": 8.615515887266168,
     "mln_ipr": -5.961680275813399
    },
    "E0.70": {
     "n": 8736,
     "mln_d": -1.19157235676572,
     "mln_g": -1.0036191388228977,
     "mln_ipr": -2.9528639239999874
    }
   }
  }
 },
 "fits": {
  "reg": {
   "enh": 0.06586329362849663,
   "D2": 0.8852760518779331,
   "dev": 0.048860654493570244
  },
  "mult": {
   "enh": -0.4200270568923895,
   "D2": 0.5910463872868226,
   "dev": 0.8289806696055669
  },
  "E0.30": {
   "enh": 0.07264300292200772,
   "D2": -1.1173753994662658e-15,
   "dev": 0.9273569970779934
  },
  "E0.43": {
   "enh": 0.10331311492169899,
   "D2": 0.8569998057272415,
   "dev": 0.03968707935105946
  },
  "E0.57": {
   "enh": -0.12932290799810753,
   "D2": 0.49803639256100335,
   "dev": 0.6312865154371041
  },
  "E0.70": {
   "enh": 0.05577744344531242,
   "D2": 0.015054544464003988,
   "dev": 0.9291680120906836
  }
 },
 "verdict": "HIDDEN-STRATUM: mult enh -0.42 -- see table (negative = Anderson-like suppressed branch). R3: reg-stratum dev vs 1-D2 = 0.049 (Q3b pooled: 0.816)."
}