{
 "cells": {
  "12|2.0": {
   "r": 0.510080423043708,
   "mln_chi": 11.589366150951815
  },
  "12|2.25": {
   "r": 0.49144538921496905,
   "mln_chi": 11.489233794686504
  },
  "12|2.5": {
   "r": 0.4775474782112918,
   "mln_chi": 11.301215143062151
  },
  "12|2.75": {
   "r": 0.46797843883419926,
   "mln_chi": 11.066009612714753
  },
  "12|3.0": {
   "r": 0.4521959189451347,
   "mln_chi": 10.71935860855095
  },
  "12|3.25": {
   "r": 0.44500902921432206,
   "mln_chi": 10.403920495535838
  },
  "12|3.5": {
   "r": 0.4310271589796123,
   "mln_chi": 9.841695897520308
  },
  "14|2.0": {
   "r": 0.5218121169160655,
   "mln_chi": 14.209177177749922
  },
  "14|2.25": {
   "r": 0.5116068981312438,
   "mln_chi": 14.28540304756398
  },
  "14|2.5": {
   "r": 0.5007677237893673,
   "mln_chi": 14.245638888701087
  },
  "14|2.75": {
   "r": 0.4869090052554439,
   "mln_chi": 14.103774977801015
  },
  "14|3.0": {
   "r": 0.4656349103466704,
   "mln_chi": 13.77987436848707
  },
  "14|3.25": {
   "r": 0.4520743151472614,
   "mln_chi": 13.323943106284117
  },
  "14|3.5": {
   "r": 0.4380218164402422,
   "mln_chi": 12.972662155992515
  }
 },
 "marks": {
  "12": [
   2.0,
   2.8763809405956677
  ],
  "14": [
   2.250957012776263,
   3.103883905238097
  ]
 },
 "verdict": "TRACKING: the sensitivity peak drifts WITH the crossover -- the weaker-but-real coexistence holds; the peak rides the transition's moving edge."
}