{
 "L16_cells": {
  "cert|2.0": {
   "agree": 7.118750033896504e-13,
   "width": 24.578314445151893,
   "ok": true
  },
  "16|2.0": {
   "r": 0.5289354132341108,
   "mln_chi": 16.357662119578904
  },
  "cert|2.25": {
   "agree": 5.115907697472721e-13,
   "width": 24.188324030874966,
   "ok": true
  },
  "16|2.25": {
   "r": 0.525358260098919,
   "mln_chi": 16.59273404565984
  },
  "cert|2.5": {
   "agree": 6.110667527536862e-13,
   "width": 23.34595508690713,
   "ok": true
  },
  "16|2.5": {
   "r": 0.5198154960768676,
   "mln_chi": 16.681779857645257
  },
  "cert|2.75": {
   "agree": 4.654054919228656e-13,
   "width": 28.709206556868843,
   "ok": true
  },
  "16|2.75": {
   "r": 0.49466546106171033,
   "mln_chi": 16.69825261150172
  },
  "cert|3.0": {
   "agree": 5.151434834260726e-13,
   "width": 27.223442999418545,
   "ok": true
  },
  "16|3.0": {
   "r": 0.4791634895143083,
   "mln_chi": 16.802766788736207
  },
  "cert|3.25": {
   "agree": 8.135714324453147e-13,
   "width": 37.35360601062155,
   "ok": true
  },
  "16|3.25": {
   "r": 0.4537220995938439,
   "mln_chi": 16.293493261697467
  },
  "cert|3.5": {
   "agree": 6.785683126508957e-13,
   "width": 34.15372370193724,
   "ok": true
  },
  "16|3.5": {
   "r": 0.44778794995431953,
   "mln_chi": 15.996390919697044
  }
 },
 "summary": {
  "12": {
   "W_star": 2.0,
   "W_c": 2.8763809405956677
  },
  "14": {
   "W_star": 2.250957012776263,
   "W_c": 3.103883905238097
  },
  "16": {
   "W_star": 2.6430881286655663,
   "W_c": 3.1883101667618963
  }
 },
 "verdict": "TRACKING-CONFIRMED at three sizes: W* drifts with W_c (steps +0.25/+0.23 then +0.39/+0.08; cumulative gap 0.33 <= 0.5) -- the sensitivity peak rides the moving edge of the crossover; the platform statement's registered follow-up closes AFFIRMATIVE."
}