{
 "cells": {
  "1.4|512": {
   "mln": {
    "diag": 7.240690068169887,
    "banded": 6.833426001685953,
    "lowrank": 5.435278456948198,
    "dense": 5.713365215579967
   },
   "mln_ipr": -3.5951433550069907
  },
  "1.4|1024": {
   "mln": {
    "diag": 8.223533925368594,
    "banded": 7.675865434651972,
    "lowrank": 6.209573321420997,
    "dense": 6.464797897694706
   },
   "mln_ipr": -4.051938831291576
  },
  "1.4|2048": {
   "mln": {
    "diag": 9.177286878868609,
    "banded": 8.557079243680619,
    "lowrank": 6.9457479724579585,
    "dense": 7.217814637285635
   },
   "mln_ipr": -4.508664474682082
  },
  "1.4|4096": {
   "mln": {
    "diag": 10.157165156229432,
    "banded": 9.365977304520252,
    "lowrank": 7.59625827188096,
    "dense": 7.854777766572885
   },
   "mln_ipr": -4.91719427175675
  },
  "1.8|512": {
   "mln": {
    "diag": 9.006791339671343,
    "banded": 7.8723965870416395,
    "lowrank": 5.614224032163573,
    "dense": 5.90874594201377
   },
   "mln_ipr": -1.6837274566588878
  },
  "1.8|1024": {
   "mln": {
    "diag": 10.330184233931424,
    "banded": 9.105540589777728,
    "lowrank": 6.379901156495433,
    "dense": 6.641773995964726
   },
   "mln_ipr": -1.8049981867530034
  },
  "1.8|2048": {
   "mln": {
    "diag": 11.64618995647721,
    "banded": 10.353307583354045,
    "lowrank": 7.0222592756732,
    "dense": 7.291791266211267
   },
   "mln_ipr": -1.9125827348648254
  },
  "1.8|4096": {
   "mln": {
    "diag": 12.959088003312692,
    "banded": 11.592164303676276,
    "lowrank": 7.706532595901812,
    "dense": 7.993644577715358
   },
   "mln_ipr": -1.9971495280385547
  }
 },
 "fits_g1.4": {
  "alphas": {
   "diag": 1.3948200938354778,
   "banded": 1.219158006603273,
   "lowrank": 1.000281750651974,
   "dense": 1.002658531883022
  },
  "d2": 0.6241498665306519
 },
 "fits_g1.8": {
  "alphas": {
   "diag": 1.8963532155303329,
   "banded": 1.7937198502991676,
   "lowrank": 0.9569622993594874,
   "dense": 0.9751684921076587
  },
  "d2": 0.13860789358641395
 },
 "classification": {
  "diag": "INHERITS",
  "banded": "MIXED ['PARTIAL (58%)', 'INHERITS']",
  "lowrank": "BLIND",
  "dense": "BLIND"
 }
}