{
 "cells": {
  "0.5|512": {
   "d": 6.457035255628707,
   "g": 4.840941127082974,
   "ipr": -2.9509432391562336
  },
  "0.5|1024": {
   "d": 7.472031213140856,
   "g": 5.56332782182113,
   "ipr": -3.2967687838745783
  },
  "0.5|2048": {
   "d": 8.540442391000687,
   "g": 6.259192500786317,
   "ipr": -3.7118753931666393
  },
  "0.5|4096": {
   "d": 9.580519163797506,
   "g": 6.96065516755248,
   "ipr": -4.056024303199652
  },
  "1.5|512": {
   "d": 4.506808555849259,
   "g": 3.788675911973796,
   "ipr": -4.226824134811216
  },
  "1.5|1024": {
   "d": 5.3563524873008,
   "g": 4.504880898279754,
   "ipr": -4.764874112262215
  },
  "1.5|2048": {
   "d": 6.3224051220620145,
   "g": 5.203947590622915,
   "ipr": -5.315730250031638
  },
  "1.5|4096": {
   "d": 7.087482485369061,
   "g": 5.869276069074818,
   "ipr": -5.87255391862789
  },
  "4.0|512": {
   "d": 3.1809230441812013,
   "g": 2.900394760476793,
   "ipr": -4.812591785832517
  },
  "4.0|1024": {
   "d": 3.914177854275161,
   "g": 3.5818309612608314,
   "ipr": -5.441093816597944
  },
  "4.0|2048": {
   "d": 4.664411761017221,
   "g": 4.247656324388388,
   "ipr": -6.077979141659881
  },
  "4.0|4096": {
   "d": 5.437272617678303,
   "g": 4.966670159827772,
   "ipr": -6.711008710792278
  }
 },
 "fit_b0.5": {
  "alpha_diag": 1.5209525550932428,
  "alpha_dense": 1.0079586160925795,
  "d2": 0.5476870862489296,
  "enh": 0.5129939390006633,
  "dev": 0.060681025249592846
 },
 "fit_b1.5": {
  "alpha_diag": 1.2487463316736032,
  "alpha_dense": 0.9842030733594468,
  "d2": 0.7990220817683035,
  "enh": 0.26454325831415637,
  "dev": 0.06356534008245984
 },
 "fit_b4.0": {
  "alpha_diag": 1.0986806309828328,
  "alpha_dense": 0.9989503221005879,
  "d2": 0.9160499601026013,
  "enh": 0.09973030888224488,
  "dev": 0.01578026898484619
 },
 "verdict": "EXTENDS to PBRM (3/3 within tol): the 1 - D2 law is about multifractal support, not RP minibands specifically."
}